Acronym,beta_mean_MPI-ESM-LR
CNA,1.2055629018582767
ECA,1.4601908178578162
ARP,1.3620458600179821
EEU,1.4208365592689334
SAS,1.3012904758602488
