Acronym,beta_mean_HadGEM2-ES
CNA,1.3455622219732806
ECA,1.3771960424121517
ARP,1.2522304781969933
EEU,1.369466495962703
SAS,1.0699647365861462
